feature,mean,scale
sales,357.7757491126188,1101.9975377260469
onpromotion,2.6027702466736513,12.218880310546446
dcoilwtico,67.91678147268408,25.670752605207696
sales_lag_1,357.52813576085794,1101.7111325573508
sales_lag_7,356.02408731698665,1099.7299479930382
sales_lag_14,354.0533952035181,1096.6860526075288
sales_lag_28,350.1320424592713,1090.5513198430783
sales_rolling_mean_7,356.4743350653303,1046.2599202970623
sales_rolling_mean_14,355.15461799248493,1039.0989745700333
sales_rolling_mean_28,352.4367648388659,1030.080544971247
sales_rolling_std_7,105.53916379073567,352.60813997246333
